INSERT INTO `MAG_Causali` (`ID_Causale`, `Des_Causale`, `Tipo_Controparte`, `Op_Q_Esistente`, `Op_Q_Impegnata`, `Op_Q_Ordinata`, `Ric_Impegno`) VALUES
                                                                                                                                                    (1, 'SALDO INIZIALE', 0, '+', NULL, NULL, 0),
                                                                                                                                                    (10, 'PRODUZIONE', 0, NULL, NULL, NULL, NULL),
                                                                                                                                                    (21, 'DOCUMENTO DI TRASPORTO', 1, '-', NULL, NULL, 0),
                                                                                                                                                    (23, 'FATTURA DI VENDITA DIFFERITA', 1, NULL, NULL, NULL, NULL),
                                                                                                                                                    (24, 'FATTURA DI VENDITA PROFORMA', 1, NULL, NULL, NULL, NULL),
                                                                                                                                                    (29, 'FATTURA DI VENDITA ACCOMPAGNATORIA', 1, '-', NULL, NULL, NULL),
                                                                                                                                                    (30, 'ORDINE DI VENDITA', 1, '', '+', NULL, 0),
                                                                                                                                                    (40, 'ORDINE A FORNITORE', 2, NULL, NULL, '+', 0),
                                                                                                                                                    (50, 'CARICO A MAGAZZINO', 3, '+', NULL, NULL, 0),
                                                                                                                                                    (51, 'SCARICO A MAGAZZINO', 3, '-', NULL, NULL, 0),
                                                                                                                                                    (53, 'RICOLLOCAZIONE', 0, '', NULL, NULL, 0),
                                                                                                                                                    (60, 'CARICO PRODUZIONE', 0, '+', NULL, NULL, 0),
                                                                                                                                                    (61, 'SCARICO PRODUZIONE', 0, '-', NULL, NULL, 0),
                                                                                                                                                    (62, 'SCARICO PER C/LAVORO', 2, '-', NULL, NULL, 0),
                                                                                                                                                    (63, 'RIENTRO PER C/LAVORO', 2, '+', NULL, NULL, 0),
                                                                                                                                                    (91, 'DDT DI ACQUISTO', 2, '+', NULL, NULL, 0),
                                                                                                                                                    (130, 'NOTA DI CREDITO CLIENTE', 1, '+', NULL, NULL, NULL),
                                                                                                                                                    (99, 'NESSUNA VARIAZIONE', 3, NULL, NULL, NULL, NULL),
                                                                                                                                                    (1001, 'DOCUMENTO CONTROPARTE CLIENTE', 1, NULL, NULL, NULL, NULL),
                                                                                                                                                    (1002, 'DOCUMENTO CONTROPARTE FORNITORE', 2, NULL, NULL, NULL, NULL);



INSERT INTO `COG_Modelli` (`Cod_Modello`, `Des_Modello`, `Operazione`, `Op_Partitario`, `Cod_Tipo_Anagrafica`, `Ric_Documento`, `Tipo`, `Reg_Iva`, `Predefinito`, `Disabilitato`, `SegnoIva`, `Note_Modello`, `Ab_Num_Autonoma`) VALUES
                                                                                                                                                                                                                                     ('ACCCLI', 'Acconto da cliente', 2, 1, 'C', 1, '', NULL, 1, 0, 0, '', 0),
                                                                                                                                                                                                                                     ('ACCFOR', 'Acconto a fornitore', 2, 1, 'F', 1, '', NULL, 1, 0, 0, '', 0),
                                                                                                                                                                                                                                     ('AMMOR', 'Ammortamento cespiti', 2, 0, NULL, 1, '', '', 1, 0, 0, NULL, 0),
                                                                                                                                                                                                                                     ('ASSESTAM', 'Assestamento', 2, 0, NULL, 1, '', '', 1, 0, 0, NULL, 0),
                                                                                                                                                                                                                                     ('BCE', 'Chiusura conti economici', 3, 0, NULL, 0, '', '', 1, 0, 0, NULL, 0),
                                                                                                                                                                                                                                     ('BIA', 'Apertura', 4, 0, NULL, 0, '', '', 1, 0, 0, NULL, 0),
                                                                                                                                                                                                                                     ('BIC', 'Chiusura', 3, 0, NULL, 0, '', '', 1, 0, 0, NULL, 0),
                                                                                                                                                                                                                                     ('COR', 'Corrispettivi a scorporo', 7, 0, NULL, 2, '', 'CORS', 1, 0, 0, NULL, 0),
                                                                                                                                                                                                                                     ('CORV', 'Corrispettivi da ventilare', 8, 0, NULL, 2, '', 'CORV', 1, 0, 0, NULL, 0),
                                                                                                                                                                                                                                     ('ELIMCESP', 'Eliminazione cespiti', 2, 0, NULL, 1, '', '', 1, 0, 0, NULL, 0),
                                                                                                                                                                                                                                     ('FE', 'Fattura emessa', 6, 1, NULL, 2, '', 'VEN', 1, 0, 0, NULL, 0),
                                                                                                                                                                                                                                     ('FEAUTO', 'Autofattura', 6, 0, NULL, 0, '', 'VEN', 1, 0, 0, NULL, 1),
                                                                                                                                                                                                                                     ('FR', 'Fattura ricevuta', 5, 1, NULL, 2, '', 'ACQ', 1, 0, 0, NULL, 0),
                                                                                                                                                                                                                                     ('FRFORF', 'Fattura ricevuta forfettario', 5, 1, NULL, 2, '', 'ACQ', 1, 0, 0, NULL, 0),
                                                                                                                                                                                                                                     ('GC', 'Giroconto', 2, 0, NULL, 1, '', '', 1, 0, 0, NULL, 0),
                                                                                                                                                                                                                                     ('GCIVA', 'Giroconto IVA', 2, 0, NULL, 1, '', '', 1, 0, 0, NULL, 0),
                                                                                                                                                                                                                                     ('GCM3', 'Saldi apertura', 2, 0, NULL, 1, '', '', 1, 0, 0, NULL, 0),
                                                                                                                                                                                                                                     ('GCVENT', 'Giroconto ventilazione', 2, 0, NULL, 1, '', '', 1, 0, 0, NULL, 0),
                                                                                                                                                                                                                                     ('INC', 'Incasso', 2, 2, NULL, 1, '', '', 1, 0, 0, NULL, 0),
                                                                                                                                                                                                                                     ('INCEFF', 'Incasso effetti', 2, 2, NULL, 1, '', '', 1, 0, 0, NULL, 0),
                                                                                                                                                                                                                                     ('INSOLUTI', 'Effetti insoluti', 2, 2, NULL, 1, '', '', 1, 0, 0, NULL, 0),
                                                                                                                                                                                                                                     ('NE', 'Nota credito emessa', 6, 1, NULL, 2, '', 'VEN', 1, 0, 1, NULL, 0),
                                                                                                                                                                                                                                     ('NECEEFT', 'Nota credito emessa reverse charge', 6, 2, NULL, 2, '', 'VEN', 1, 0, 1, NULL, 0),
                                                                                                                                                                                                                                     ('NR', 'Nota credito ricevuta', 5, 1, NULL, 2, '', 'ACQ', 1, 0, 1, NULL, 0),
                                                                                                                                                                                                                                     ('NRCEE', 'Nota credito ricevuta reverse charge', 5, 1, NULL, 2, '', 'ACQ', 1, 0, 1, NULL, 0),
                                                                                                                                                                                                                                     ('NRFT', 'Nota credito ricevuta chiude', 5, 2, NULL, 2, '', 'ACQ', 1, 0, 1, '', 0),
                                                                                                                                                                                                                                     ('PAG', 'Pagamento', 2, 2, NULL, 1, '', '', 1, 0, 0, NULL, 0),
                                                                                                                                                                                                                                     ('PREL', 'Prelievo', 2, 0, NULL, 1, '', '', 1, 0, 0, NULL, 0),
                                                                                                                                                                                                                                     ('PRESEFF', 'Presentazione effetti', 2, 2, NULL, 1, '', '', 1, 0, 0, NULL, 0),
                                                                                                                                                                                                                                     ('BONSEPA', 'Bonifico SEPA', 2, 2, NULL, 1, '', '', 1, 0, 0, NULL, 0),
                                                                                                                                                                                                                                     ('RATEI', 'Ratei', 2, 0, NULL, 1, '', '', 1, 0, 0, NULL, 0),
                                                                                                                                                                                                                                     ('RISCONTI', 'Risconti', 2, 0, NULL, 1, '', '', 1, 0, 0, NULL, 0),
                                                                                                                                                                                                                                     ('SCONT', 'Scorporo scontrini', 7, 0, NULL, 1, '', 'CORS', 1, 0, 0, NULL, 0),
                                                                                                                                                                                                                                     ('VENDCESP', 'Vendita cespiti', 2, 0, NULL, 1, '', '', 1, 0, 0, NULL, 0);


INSERT INTO `COG_Modelli` (`Cod_Modello`, `Des_Modello`, `Operazione`, `Op_Partitario`, `Cod_Tipo_Anagrafica`, `Ric_Documento`, `Tipo`, `Reg_Iva`, `Predefinito`, `Disabilitato`, `SegnoIva`, `Note_Modello`, `Ab_Num_Autonoma`, `Cod_Modello_Collegato`) VALUES
    ('FRREVERSE', 'Fattura ricevuta reverse charge', 5, 1, NULL, 2, '5177344', 'ACQ', 1, 0, 0, NULL, 0, 'FEAUTO');

INSERT INTO `COG_Modelli_Righe` (`Cod_Modello`, `ID_Riga_Modello`, `Cod_Causale_Contabile`, `Natura_Conto`, `ID_Cliente`, `Cod_Conto`, `Tipo_Valore`, `Segno_Riga_Modello`) VALUES
                                                                                                                                                                                ('FR', 1, 'FTRIC', '', 0, '05021000', '6356995', 'A'),
                                                                                                                                                                                ('FR', 2, 'FTRIC', '', 0, '01073004', '6356994', 'D'),
                                                                                                                                                                                ('FR', 3, 'FTRIC', '', 0, '06021703', '6356993', 'D'),
                                                                                                                                                                                ('FRFORF', 1, 'FTRIC', '', 0, '05021000', '6356995', 'A'),
                                                                                                                                                                                ('FRFORF', 2, 'FTRIC', '', 0, '01073004', '6356994', 'D'),
                                                                                                                                                                                ('FRFORF', 3, 'FTRIC', '', 0, '06021703', '6356993', 'D'),
                                                                                                                                                                                ('FRREVERSE', 1, 'FTRIC', '', 0, '05021000', '6356995', 'A'),
                                                                                                                                                                                ('FRREVERSE', 2, 'FTRIC', '', 0, '01073004', '6356994', 'D'),
                                                                                                                                                                                ('FRREVERSE', 3, 'FTRIC', '', 0, '06021703', '6356993', 'D'),
                                                                                                                                                                                ('NR', 1, 'NCRIC', '', 0, '05021000', '6356995', 'D'),
                                                                                                                                                                                ('NR', 2, 'NCRIC', '', 0, '01073004', '6356994', 'A'),
                                                                                                                                                                                ('NR', 3, 'NCRIC', '', 0, '09011000', '6356993', 'A'),
                                                                                                                                                                                ('NRCEE', 1, 'NCRIC', '2', NULL, '05021000', '6356993', 'D'),
                                                                                                                                                                                ('NRCEE', 2, 'NCRIC', '', 0, '', '6356993', 'A'),
                                                                                                                                                                                ('NRCEE', 3, 'NCRIC', '', 0, '01073004', '6356994', 'A'),
                                                                                                                                                                                ('NRCEE', 4, 'NCRIC', '', 0, '05041001', '6356994', 'D'),
                                                                                                                                                                                ('NRCEEFT', 1, 'NCRIC', '2', NULL, '05021000', '6356993', 'D'),
                                                                                                                                                                                ('NRCEEFT', 2, 'NCRIC', '', 0, '', '6356993', 'A'),
                                                                                                                                                                                ('NRCEEFT', 3, 'NCRIC', '', 0, '01073004', '6356994', 'A'),
                                                                                                                                                                                ('NRCEEFT', 4, 'NCRIC', '', 0, '05041001', '6356994', 'D'),
                                                                                                                                                                                ('FE', 1, 'FTEME', '', 0, '01011000', '6356995', 'D'),
                                                                                                                                                                                ('FE', 2, 'FTEME', '', 0, '05041001', '6356994', 'A'),
                                                                                                                                                                                ('FE', 3, 'FTEME', '', 0, '07011000', '6356993', 'A'),
                                                                                                                                                                                ('NE', 1, 'NCEME', '', 0, '01011000', '6356995', 'A'),
                                                                                                                                                                                ('NE', 2, 'NCEME', '', 0, '05041001', '6356994', 'D'),
                                                                                                                                                                                ('NE', 3, 'NCEME', '', 0, '07011000', '6356993', 'D'),
                                                                                                                                                                                ('NECEEFT', 1, 'NCEME', '1', NULL, '01011000', '6356995', 'A'),
                                                                                                                                                                                ('NECEEFT', 2, 'NCEME', '', 0, '07011000', '6356993', 'D'),
                                                                                                                                                                                ('COR', 1, 'CORSCOR', '', 0, '02011001', '6356995', 'D'),
                                                                                                                                                                                ('COR', 2, 'CORSCOR', '', 0, '05041003', '6356994', 'A'),
                                                                                                                                                                                ('COR', 3, 'CORSCOR', '', 0, '0701', '6356993', 'A'),
                                                                                                                                                                                ('SCONT', 1, 'CORSCOR', '', 0, '02011001', '6356995', 'D'),
                                                                                                                                                                                ('SCONT', 2, 'CORSCOR', '', 0, '05041003', '6356994', 'A'),
                                                                                                                                                                                ('SCONT', 3, 'CORSCOR', '', 0, '0701', '6356993', 'A'),
                                                                                                                                                                                ('CORV', 1, 'CORVENT', '', 0, '02011001', '6356995', 'D'),
                                                                                                                                                                                ('CORV', 2, 'CORVENT', '', 0, '0701', '6356995', 'A'),
                                                                                                                                                                                ('INC', 1, 'INCASSO', '', 0, '01011000', '6356992', 'A'),
                                                                                                                                                                                ('ACCCLI', 1, 'ACCONTO', '', 0, '02011001', '6356992', 'D'),
                                                                                                                                                                                ('ACCCLI', 2, NULL, '1', 0, '01011000', '6356992', 'A'),
                                                                                                                                                                                ('PAG', 1, 'PAGAMEN', '0', NULL, '05021000', '6356992', 'D'),
                                                                                                                                                                                ('PAG', 2, 'PAGAMEN', '0', NULL, '', '6356992', 'A'),
                                                                                                                                                                                ('ACCFOR', 1, 'ACCONTO', '2', NULL, '05021000', '6356992', 'D'),
                                                                                                                                                                                ('ACCFOR', 2, 'ACCONTO', '', 0, '02011001', '6356992', 'A'),
                                                                                                                                                                                ('PREL', 1, 'PRELIEVO', '', 0, '02011001', '6356992', 'D'),
                                                                                                                                                                                ('VERS', 1, 'VERSAMEN', '', 0, '0202', '6356992', 'D'),
                                                                                                                                                                                ('VERS', 2, 'VERSAMEN', '', 0, '02011001', '6356992', 'A'),
                                                                                                                                                                                ('GCVENT', 1, 'GIROCONT', '', 0, '0701', '6356992', 'D'),
                                                                                                                                                                                ('GCVENT', 2, 'GIROCONT', '', 0, '05041001', '6356992', 'A'),
                                                                                                                                                                                ('VENDCESP', 1, 'GIROCONT', '', 0, '0401', '6356992', 'D'),
                                                                                                                                                                                ('VENDCESP', 2, 'GIROCONT', '', 0, '02', '6356992', 'A'),
                                                                                                                                                                                ('ELIMCESP', 1, 'GIROCONT', '', 0, '0401', '6356992', 'D'),
                                                                                                                                                                                ('ELIMCESP', 2, 'GIROCONT', '', 0, '02', '6356992', 'A'),
                                                                                                                                                                                ('ASSESTAM', 1, 'ASSESTAM', '', 0, '', '6356992', 'D'),
                                                                                                                                                                                ('BCE', 1, 'BCE', '', 0, '', '6356992', 'D'),
                                                                                                                                                                                ('BIA', 1, 'BIA', '', NULL, '05021000', '6356992', 'D'),
                                                                                                                                                                                ('BIC', 1, 'BIC', '', 0, '', '6356992', 'D'),
                                                                                                                                                                                ('GC', 1, 'GIROCONT', '', 0, '', '6356992', 'D'),
                                                                                                                                                                                ('GCIVA', 1, 'GCIVA', '', 0, '', '6356992', 'D'),
                                                                                                                                                                                ('FEAUTO', 1, 'FTRIC', '', 0, '05021000', '6356994', 'D'),
                                                                                                                                                                                ('FEAUTO', 2, 'FTRIC', '', 0, '01073004', '6356994', 'A'),
                                                                                                                                                                                ('INC', 2, 'INCASSO', '', NULL, '02011001', '6356992', 'D'),
                                                                                                                                                                                ('INSOLUTI', 1, 'EFFINSPR', '', NULL, '01011000', '6356993', 'D');


INSERT INTO `DOC_Mezzitrasporto` (`Cod_Mezzotrasporto`, `Des_Mezzotrasporto`, `Cod_Mezzotrasporto_D`) VALUES
                                                                                                          (1, 'Mittente', 0),
                                                                                                          (2, 'Destinatario', 1),
                                                                                                          (3, 'Vettore', 0);


INSERT INTO `COG_Registri` (`Cod_Registro`, `Des_Registro`, `Tipo_Registro`, `Utente`) VALUES
                                                                                           ('ACQ', 'Acquisti', '131072', 0),
                                                                                           ('CORS', 'Corrispettivi a scorporo', '131074', 0),
                                                                                           ('CORV', 'Corrispettivi da ventilare', '131075', 0),
                                                                                           ('SOSA', 'Sospensione acquisti', '131077', 0),
                                                                                           ('SOSV', 'Sospensione vendite', '131076', 0),
                                                                                           ('VEN', 'Vendite', '131073', 0),
                                                                                           ('VENACQ', 'Autofatture', '131072', 1);

INSERT INTO `DOC_Valute` (`Cod_Valuta`, `Des_Valuta`, `Cod_Nazione`, `Simbolo_Valuta`, `Num_Decimali`, `Val_Cambio`) VALUES
    ('EUR', 'Euro', 'IT', '€', 2, 0.000000);


